<?xml version="1.0" encoding="UTF-8"?>
<metadata xml:lang="en"><Esri><CreaDate>20130420</CreaDate><CreaTime>17171200</CreaTime><ArcGISFormat>1.0</ArcGISFormat><ArcGISstyle>ISO 19139 Metadata Implementation Specification</ArcGISstyle><SyncOnce>TRUE</SyncOnce><DataProperties><lineage><Process ToolSource="c:\program files\arcgis\desktop10.1\ArcToolbox\Toolboxes\Data Management Tools.tbx\DeleteField" Date="20130420" Time="171712">DeleteField 2004_Election_Counties County_F;MDratio;hosp;pcthisp;pcturban;urbrural;pctfemhh;pcincome;pctpoor;pctlt9ed;pcthsed;pctcoled;unemploy;pctwhtcl;homevalu;rent;popdens;crowded;ginirev;SmokecurM;SmokevrM;SmokecurF;SmokevrF;Obese;Noins;XYLENES__M;TOLUENE;TETRACHLOR;STYRENE;NICKEL_COM;METHYLENE_;MERCURY_CO;LEAD_COMPO;BENZENE__I;ARSENIC_CO;POP2000;POP00SQMIL;MALE2000;FEMALE2000;MAL2FEM;UNDER18;AIAN;ASIA;BLACK;NHPI;WHITE;AIAN_MORE;ASIA_MORE;BLK_MORE;NHPI_MORE;WHT_MORE;HISP_LAT;CH19902000;MEDAGE2000;PEROVER65</Process><Process ToolSource="c:\program files\arcgis\desktop10.1\ArcToolbox\Toolboxes\Data Management Tools.tbx\CalculateField" Date="20130420" Time="173629">CalculateField 2004_Election_Counties ID [FID]+1 VB #</Process></lineage></DataProperties></Esri></metadata>
