<?xml version="1.0" encoding="UTF-8"?>
<metadata xml:lang="en"><Esri><CreaDate>20131031</CreaDate><CreaTime>16174700</CreaTime><ArcGISFormat>1.0</ArcGISFormat><SyncOnce>TRUE</SyncOnce><RematchLocator>World<Category Locator="Review">Address</Category><Description Locator="Review">::</Description><OutColumns Locator="Review">Loc_name</OutColumns><OutColumns Locator="Review">Shape</OutColumns><OutColumns Locator="Review">Status</OutColumns><OutColumns Locator="Review">Score</OutColumns><OutColumns Locator="Review">Match_addr</OutColumns><OutColumns Locator="Review">Addr_type</OutColumns><OutColumns Locator="Review">PlaceName</OutColumns><OutColumns Locator="Review">Place_addr</OutColumns><OutColumns Locator="Review">Rank</OutColumns><OutColumns Locator="Review">AddBldg</OutColumns><OutColumns Locator="Review">AddNum</OutColumns><OutColumns Locator="Review">AddNumFrom</OutColumns><OutColumns Locator="Review">AddNumTo</OutColumns><OutColumns Locator="Review">Side</OutColumns><OutColumns Locator="Review">StPreDir</OutColumns><OutColumns Locator="Review">StPreType</OutColumns><OutColumns Locator="Review">StName</OutColumns><OutColumns Locator="Review">StType</OutColumns><OutColumns Locator="Review">StDir</OutColumns><OutColumns Locator="Review">StAddr</OutColumns><OutColumns Locator="Review">Nbrhd</OutColumns><OutColumns Locator="Review">City</OutColumns><OutColumns Locator="Review">Subregion</OutColumns><OutColumns Locator="Review">Region</OutColumns><OutColumns Locator="Review">Postal</OutColumns><OutColumns Locator="Review">PostalExt</OutColumns><OutColumns Locator="Review">Country</OutColumns><OutColumns Locator="Review">LangCode</OutColumns><OutColumns Locator="Review">Distance</OutColumns><OutColumns Locator="Review">X</OutColumns><OutColumns Locator="Review">Y</OutColumns><OutColumns Locator="Review">DisplayX</OutColumns><OutColumns Locator="Review">DisplayY</OutColumns><OutColumns Locator="Review">Xmin</OutColumns><OutColumns Locator="Review">Xmax</OutColumns><OutColumns Locator="Review">Ymin</OutColumns><OutColumns Locator="Review">Ymax</OutColumns><OutKeyColumns Locator="Review">::</OutKeyColumns><OutTable Locator="Review">::</OutTable><InColumns Locator="Review">ARC_Addres</InColumns><InColumns Locator="Review">ARC_Neighb</InColumns><InColumns Locator="Review">ARC_City</InColumns><InColumns Locator="Review">ARC_Subreg</InColumns><InColumns Locator="Review">ARC_Region</InColumns><InColumns Locator="Review">ARC_Postal</InColumns><InColumns Locator="Review">ARC_Post_1</InColumns><InColumns Locator="Review">ARC_Countr</InColumns><InKeyColumns Locator="Review">::</InKeyColumns><InTable Locator="Review">::</InTable><UseMultithreading Locator="Review">True</UseMultithreading><CLSID Locator="Review">{47A9F8CE-597B-11D5-9BE2-000000000000}</CLSID><ServerObjectURL Locator="Review">https://geocode.arcgis.com/arcgis/services/World/GeocodeServer</ServerObjectURL><ServerObjectName Locator="Review">World</ServerObjectName><ServerObjectType Locator="Review">GeocodeServer</ServerObjectType><ServerConnectionURL Locator="Review">https://geocode.arcgis.com/arcgis/services</ServerConnectionURL><ServerConnectionUser Locator="Review">::</ServerConnectionUser><ServerType Locator="Review">1</ServerType></RematchLocator><DataProperties><lineage><Process ToolSource="c:\program files\arcgis\desktop10.2\ArcToolbox\Toolboxes\Data Management Tools.tbx\DeleteField" Date="20131031" Time="161930">DeleteField F:\PRC\Workshop_Oct13\Day2\Overlay_apt.shp Loc_name;Status;Score;Match_type;Match_addr;Addr_type;PlaceName;Place_addr;Rank;AddBldg;AddNum;AddNumFrom;AddNumTo;Side;StPreDir;StPreType;StName;StType;StDir;StAddr;Nbrhd;City;Subregion;Region;Postal;PostalExt;Country;LangCode;Distance;X;Y;DisplayX;DisplayY;Xmin;Xmax;Ymin;Ymax;ARC_Addres;ARC_Neighb;ARC_City;ARC_Subreg;ARC_Region;ARC_Postal;ARC_Post_1;ARC_Countr</Process></lineage></DataProperties></Esri></metadata>
