<?xml version="1.0" encoding="UTF-8"?>
<metadata xml:lang="en"><Esri><CreaDate>20131024</CreaDate><CreaTime>17295500</CreaTime><ArcGISFormat>1.0</ArcGISFormat><ArcGISstyle>ISO 19139 Metadata Implementation Specification</ArcGISstyle><SyncOnce>FALSE</SyncOnce><DataProperties><itemProps><itemName Sync="TRUE">ChicagoTract00_ACSDemographic</itemName><imsContentType Sync="TRUE">002</imsContentType><itemSize Sync="TRUE">0.000</itemSize><itemLocation><linkage Sync="TRUE">file://\\GIS-PC\F$\PRC\Workshop_Oct13\Day1\ChicagoTract00_ACSDemographic</linkage><protocol Sync="TRUE">Local Area Network</protocol></itemLocation></itemProps><coordRef><type Sync="TRUE">Projected</type><geogcsn Sync="TRUE">GCS_North_American_1983</geogcsn><projcsn Sync="TRUE">NAD_1983_StatePlane_Illinois_East_FIPS_1201_Feet</projcsn><peXml Sync="TRUE">&lt;ProjectedCoordinateSystem xsi:type='typens:ProjectedCoordinateSystem' xmlns:xsi='http://www.w3.org/2001/XMLSchema-instance' xmlns:xs='http://www.w3.org/2001/XMLSchema' xmlns:typens='http://www.esri.com/schemas/ArcGIS/10.0'&gt;&lt;WKT&gt;PROJCS[&amp;quot;NAD_1983_StatePlane_Illinois_East_FIPS_1201_Feet&amp;quot;,GEOGCS[&amp;quot;GCS_North_American_1983&amp;quot;,DATUM[&amp;quot;D_North_American_1983&amp;quot;,SPHEROID[&amp;quot;GRS_1980&amp;quot;,6378137.0,298.257222101]],PRIMEM[&amp;quot;Greenwich&amp;quot;,0.0],UNIT[&amp;quot;Degree&amp;quot;,0.0174532925199433]],PROJECTION[&amp;quot;Transverse_Mercator&amp;quot;],PARAMETER[&amp;quot;False_Easting&amp;quot;,984250.0],PARAMETER[&amp;quot;False_Northing&amp;quot;,0.0],PARAMETER[&amp;quot;Central_Meridian&amp;quot;,-88.33333333333333],PARAMETER[&amp;quot;Scale_Factor&amp;quot;,0.999975],PARAMETER[&amp;quot;Latitude_Of_Origin&amp;quot;,36.66666666666666],UNIT[&amp;quot;Foot_US&amp;quot;,0.3048006096012192],AUTHORITY[&amp;quot;EPSG&amp;quot;,3435]]&lt;/WKT&gt;&lt;XOrigin&gt;-17463800&lt;/XOrigin&gt;&lt;YOrigin&gt;-46132600&lt;/YOrigin&gt;&lt;XYScale&gt;137244822.07846552&lt;/XYScale&gt;&lt;ZOrigin&gt;-100000&lt;/ZOrigin&gt;&lt;ZScale&gt;10000&lt;/ZScale&gt;&lt;MOrigin&gt;-100000&lt;/MOrigin&gt;&lt;MScale&gt;10000&lt;/MScale&gt;&lt;XYTolerance&gt;0.0032808333333333335&lt;/XYTolerance&gt;&lt;ZTolerance&gt;0.001&lt;/ZTolerance&gt;&lt;MTolerance&gt;0.001&lt;/MTolerance&gt;&lt;HighPrecision&gt;true&lt;/HighPrecision&gt;&lt;WKID&gt;3435&lt;/WKID&gt;&lt;/ProjectedCoordinateSystem&gt;</peXml></coordRef><lineage><Process ToolSource="C:\Program Files\ArcGIS\Desktop10.0\ArcToolbox\Toolboxes\Conversion Tools.tbx\FeatureClassToFeatureClass" Date="20110428" Time="114559">FeatureClassToFeatureClass E:\GIS\Workshops_PRC\GISExercises\ACS_2005_2009_5YR.gdb\Chicago\Tract00_Demographic E:\GIS\Workshops_PRC\GISExercises ChicagoTract00_ACSDemographic.shp # "STATEFP00 "STATEFP00" true true false 2 Text 0 0 ,First,#,E:\GIS\Workshops_PRC\GISExercises\ACS_2005_2009_5YR.gdb\Chicago\Tract00_Demographic,STATEFP00,-1,-1;COUNTYFP00 "COUNTYFP00" true true false 3 Text 0 0 ,First,#,E:\GIS\Workshops_PRC\GISExercises\ACS_2005_2009_5YR.gdb\Chicago\Tract00_Demographic,COUNTYFP00,-1,-1;TRACTCE00 "TRACTCE00" true true false 6 Text 0 0 ,First,#,E:\GIS\Workshops_PRC\GISExercises\ACS_2005_2009_5YR.gdb\Chicago\Tract00_Demographic,TRACTCE00,-1,-1;CTIDFP00 "CTIDFP00" true true false 11 Text 0 0 ,First,#,E:\GIS\Workshops_PRC\GISExercises\ACS_2005_2009_5YR.gdb\Chicago\Tract00_Demographic,CTIDFP00,-1,-1;POP "POP" true true false 8 Double 0 0 ,First,#,E:\GIS\Workshops_PRC\GISExercises\ACS_2005_2009_5YR.gdb\Chicago\Tract00_Demographic,POP,-1,-1;MALE "MALE" true true false 8 Double 0 0 ,First,#,E:\GIS\Workshops_PRC\GISExercises\ACS_2005_2009_5YR.gdb\Chicago\Tract00_Demographic,MALE,-1,-1;FEMALE "FEMALE" true true false 8 Double 0 0 ,First,#,E:\GIS\Workshops_PRC\GISExercises\ACS_2005_2009_5YR.gdb\Chicago\Tract00_Demographic,FEMALE,-1,-1;AGEU5 "AGEU5" true true false 8 Double 0 0 ,First,#,E:\GIS\Workshops_PRC\GISExercises\ACS_2005_2009_5YR.gdb\Chicago\Tract00_Demographic,AGEU5,-1,-1;AGE5_9 "AGE5_9" true true false 8 Double 0 0 ,First,#,E:\GIS\Workshops_PRC\GISExercises\ACS_2005_2009_5YR.gdb\Chicago\Tract00_Demographic,AGE5_9,-1,-1;AGE10_14 "AGE10_14" true true false 8 Double 0 0 ,First,#,E:\GIS\Workshops_PRC\GISExercises\ACS_2005_2009_5YR.gdb\Chicago\Tract00_Demographic,AGE10_14,-1,-1;AGE15_19 "AGE15_19" true true false 8 Double 0 0 ,First,#,E:\GIS\Workshops_PRC\GISExercises\ACS_2005_2009_5YR.gdb\Chicago\Tract00_Demographic,AGE15_19,-1,-1;AGE20_24 "AGE20_24" true true false 8 Double 0 0 ,First,#,E:\GIS\Workshops_PRC\GISExercises\ACS_2005_2009_5YR.gdb\Chicago\Tract00_Demographic,AGE20_24,-1,-1;AGE25_34 "AGE25_34" true true false 8 Double 0 0 ,First,#,E:\GIS\Workshops_PRC\GISExercises\ACS_2005_2009_5YR.gdb\Chicago\Tract00_Demographic,AGE25_34,-1,-1;AGE35_44 "AGE35_44" true true false 8 Double 0 0 ,First,#,E:\GIS\Workshops_PRC\GISExercises\ACS_2005_2009_5YR.gdb\Chicago\Tract00_Demographic,AGE35_44,-1,-1;AGE45_54 "AGE45_54" true true false 8 Double 0 0 ,First,#,E:\GIS\Workshops_PRC\GISExercises\ACS_2005_2009_5YR.gdb\Chicago\Tract00_Demographic,AGE45_54,-1,-1;AGE55_59 "AGE55_59" true true false 8 Double 0 0 ,First,#,E:\GIS\Workshops_PRC\GISExercises\ACS_2005_2009_5YR.gdb\Chicago\Tract00_Demographic,AGE55_59,-1,-1;AGE60_64 "AGE60_64" true true false 8 Double 0 0 ,First,#,E:\GIS\Workshops_PRC\GISExercises\ACS_2005_2009_5YR.gdb\Chicago\Tract00_Demographic,AGE60_64,-1,-1;AGE65_74 "AGE65_74" true true false 8 Double 0 0 ,First,#,E:\GIS\Workshops_PRC\GISExercises\ACS_2005_2009_5YR.gdb\Chicago\Tract00_Demographic,AGE65_74,-1,-1;AGE75_84 "AGE75_84" true true false 8 Double 0 0 ,First,#,E:\GIS\Workshops_PRC\GISExercises\ACS_2005_2009_5YR.gdb\Chicago\Tract00_Demographic,AGE75_84,-1,-1;AGE85O "AGE85O" true true false 8 Double 0 0 ,First,#,E:\GIS\Workshops_PRC\GISExercises\ACS_2005_2009_5YR.gdb\Chicago\Tract00_Demographic,AGE85O,-1,-1;AGEMEDIAN "AGEMEDIAN" true true false 8 Double 0 0 ,First,#,E:\GIS\Workshops_PRC\GISExercises\ACS_2005_2009_5YR.gdb\Chicago\Tract00_Demographic,AGEMEDIAN,-1,-1;AGE18OVER "AGE18OVER" true true false 8 Double 0 0 ,First,#,E:\GIS\Workshops_PRC\GISExercises\ACS_2005_2009_5YR.gdb\Chicago\Tract00_Demographic,AGE18OVER,-1,-1;AGE21OVER "AGE21OVER" true true false 8 Double 0 0 ,First,#,E:\GIS\Workshops_PRC\GISExercises\ACS_2005_2009_5YR.gdb\Chicago\Tract00_Demographic,AGE21OVER,-1,-1;AGE62OVER "AGE62OVER" true true false 8 Double 0 0 ,First,#,E:\GIS\Workshops_PRC\GISExercises\ACS_2005_2009_5YR.gdb\Chicago\Tract00_Demographic,AGE62OVER,-1,-1;AGE65OVER "AGE65OVER" true true false 8 Double 0 0 ,First,#,E:\GIS\Workshops_PRC\GISExercises\ACS_2005_2009_5YR.gdb\Chicago\Tract00_Demographic,AGE65OVER,-1,-1;AGE18OVR2 "AGE18OVR2" true true false 8 Double 0 0 ,First,#,E:\GIS\Workshops_PRC\GISExercises\ACS_2005_2009_5YR.gdb\Chicago\Tract00_Demographic,AGE18OVR2,-1,-1;AGE18OMAL "AGE18OMAL" true true false 8 Double 0 0 ,First,#,E:\GIS\Workshops_PRC\GISExercises\ACS_2005_2009_5YR.gdb\Chicago\Tract00_Demographic,AGE18OMAL,-1,-1;AGE18OFEM "AGE18OFEM" true true false 8 Double 0 0 ,First,#,E:\GIS\Workshops_PRC\GISExercises\ACS_2005_2009_5YR.gdb\Chicago\Tract00_Demographic,AGE18OFEM,-1,-1;AGE65OVR2 "AGE65OVR2" true true false 8 Double 0 0 ,First,#,E:\GIS\Workshops_PRC\GISExercises\ACS_2005_2009_5YR.gdb\Chicago\Tract00_Demographic,AGE65OVR2,-1,-1;AGE65VMAL "AGE65VMAL" true true false 8 Double 0 0 ,First,#,E:\GIS\Workshops_PRC\GISExercises\ACS_2005_2009_5YR.gdb\Chicago\Tract00_Demographic,AGE65VMAL,-1,-1;AGE65OFEM "AGE65OFEM" true true false 8 Double 0 0 ,First,#,E:\GIS\Workshops_PRC\GISExercises\ACS_2005_2009_5YR.gdb\Chicago\Tract00_Demographic,AGE65OFEM,-1,-1;RACETOT "RACETOT" true true false 8 Double 0 0 ,First,#,E:\GIS\Workshops_PRC\GISExercises\ACS_2005_2009_5YR.gdb\Chicago\Tract00_Demographic,RACETOT,-1,-1;RACE1 "RACE1" true true false 8 Double 0 0 ,First,#,E:\GIS\Workshops_PRC\GISExercises\ACS_2005_2009_5YR.gdb\Chicago\Tract00_Demographic,RACE1,-1,-1;RACE2MOR "RACE2MOR" true true false 8 Double 0 0 ,First,#,E:\GIS\Workshops_PRC\GISExercises\ACS_2005_2009_5YR.gdb\Chicago\Tract00_Demographic,RACE2MOR,-1,-1;RACE1_2 "RACE1_2" true true false 8 Double 0 0 ,First,#,E:\GIS\Workshops_PRC\GISExercises\ACS_2005_2009_5YR.gdb\Chicago\Tract00_Demographic,RACE1_2,-1,-1;WHT "WHT" true true false 8 Double 0 0 ,First,#,E:\GIS\Workshops_PRC\GISExercises\ACS_2005_2009_5YR.gdb\Chicago\Tract00_Demographic,WHT,-1,-1;BLK "BLK" true true false 8 Double 0 0 ,First,#,E:\GIS\Workshops_PRC\GISExercises\ACS_2005_2009_5YR.gdb\Chicago\Tract00_Demographic,BLK,-1,-1;NAI "NAI" true true false 8 Double 0 0 ,First,#,E:\GIS\Workshops_PRC\GISExercises\ACS_2005_2009_5YR.gdb\Chicago\Tract00_Demographic,NAI,-1,-1;NAICHEROK "NAICHEROK" true true false 8 Double 0 0 ,First,#,E:\GIS\Workshops_PRC\GISExercises\ACS_2005_2009_5YR.gdb\Chicago\Tract00_Demographic,NAICHEROK,-1,-1;NAICHIPPE "NAICHIPPE" true true false 8 Double 0 0 ,First,#,E:\GIS\Workshops_PRC\GISExercises\ACS_2005_2009_5YR.gdb\Chicago\Tract00_Demographic,NAICHIPPE,-1,-1;NAINAVAJO "NAINAVAJO" true true false 8 Double 0 0 ,First,#,E:\GIS\Workshops_PRC\GISExercises\ACS_2005_2009_5YR.gdb\Chicago\Tract00_Demographic,NAINAVAJO,-1,-1;NAISIOUX "NAISIOUX" true true false 8 Double 0 0 ,First,#,E:\GIS\Workshops_PRC\GISExercises\ACS_2005_2009_5YR.gdb\Chicago\Tract00_Demographic,NAISIOUX,-1,-1;ASA "ASA" true true false 8 Double 0 0 ,First,#,E:\GIS\Workshops_PRC\GISExercises\ACS_2005_2009_5YR.gdb\Chicago\Tract00_Demographic,ASA,-1,-1;ASAINDIAN "ASAINDIAN" true true false 8 Double 0 0 ,First,#,E:\GIS\Workshops_PRC\GISExercises\ACS_2005_2009_5YR.gdb\Chicago\Tract00_Demographic,ASAINDIAN,-1,-1;ASACHINES "ASACHINES" true true false 8 Double 0 0 ,First,#,E:\GIS\Workshops_PRC\GISExercises\ACS_2005_2009_5YR.gdb\Chicago\Tract00_Demographic,ASACHINES,-1,-1;ASAFILLIP "ASAFILLIP" true true false 8 Double 0 0 ,First,#,E:\GIS\Workshops_PRC\GISExercises\ACS_2005_2009_5YR.gdb\Chicago\Tract00_Demographic,ASAFILLIP,-1,-1;ASAJAPANE "ASAJAPANE" true true false 8 Double 0 0 ,First,#,E:\GIS\Workshops_PRC\GISExercises\ACS_2005_2009_5YR.gdb\Chicago\Tract00_Demographic,ASAJAPANE,-1,-1;ASAKOREAN "ASAKOREAN" true true false 8 Double 0 0 ,First,#,E:\GIS\Workshops_PRC\GISExercises\ACS_2005_2009_5YR.gdb\Chicago\Tract00_Demographic,ASAKOREAN,-1,-1;ASAVIETNA "ASAVIETNA" true true false 8 Double 0 0 ,First,#,E:\GIS\Workshops_PRC\GISExercises\ACS_2005_2009_5YR.gdb\Chicago\Tract00_Demographic,ASAVIETNA,-1,-1;ASAOTHER "ASAOTHER" true true false 8 Double 0 0 ,First,#,E:\GIS\Workshops_PRC\GISExercises\ACS_2005_2009_5YR.gdb\Chicago\Tract00_Demographic,ASAOTHER,-1,-1;HPI "HPI" true true false 8 Double 0 0 ,First,#,E:\GIS\Workshops_PRC\GISExercises\ACS_2005_2009_5YR.gdb\Chicago\Tract00_Demographic,HPI,-1,-1;HPIHAWAII "HPIHAWAII" true true false 8 Double 0 0 ,First,#,E:\GIS\Workshops_PRC\GISExercises\ACS_2005_2009_5YR.gdb\Chicago\Tract00_Demographic,HPIHAWAII,-1,-1;HPIGUAMAN "HPIGUAMAN" true true false 8 Double 0 0 ,First,#,E:\GIS\Workshops_PRC\GISExercises\ACS_2005_2009_5YR.gdb\Chicago\Tract00_Demographic,HPIGUAMAN,-1,-1;HPISAMOAN "HPISAMOAN" true true false 8 Double 0 0 ,First,#,E:\GIS\Workshops_PRC\GISExercises\ACS_2005_2009_5YR.gdb\Chicago\Tract00_Demographic,HPISAMOAN,-1,-1;HPIOTHEPI "HPIOTHEPI" true true false 8 Double 0 0 ,First,#,E:\GIS\Workshops_PRC\GISExercises\ACS_2005_2009_5YR.gdb\Chicago\Tract00_Demographic,HPIOTHEPI,-1,-1;OTH "OTH" true true false 8 Double 0 0 ,First,#,E:\GIS\Workshops_PRC\GISExercises\ACS_2005_2009_5YR.gdb\Chicago\Tract00_Demographic,OTH,-1,-1;RACE2M_2 "RACE2M_2" true true false 8 Double 0 0 ,First,#,E:\GIS\Workshops_PRC\GISExercises\ACS_2005_2009_5YR.gdb\Chicago\Tract00_Demographic,RACE2M_2,-1,-1;R2MWHTBLK "R2MWHTBLK" true true false 8 Double 0 0 ,First,#,E:\GIS\Workshops_PRC\GISExercises\ACS_2005_2009_5YR.gdb\Chicago\Tract00_Demographic,R2MWHTBLK,-1,-1;R2MWHTNAI "R2MWHTNAI" true true false 8 Double 0 0 ,First,#,E:\GIS\Workshops_PRC\GISExercises\ACS_2005_2009_5YR.gdb\Chicago\Tract00_Demographic,R2MWHTNAI,-1,-1;R2MWHTASA "R2MWHTASA" true true false 8 Double 0 0 ,First,#,E:\GIS\Workshops_PRC\GISExercises\ACS_2005_2009_5YR.gdb\Chicago\Tract00_Demographic,R2MWHTASA,-1,-1;R2MBLKNAI "R2MBLKNAI" true true false 8 Double 0 0 ,First,#,E:\GIS\Workshops_PRC\GISExercises\ACS_2005_2009_5YR.gdb\Chicago\Tract00_Demographic,R2MBLKNAI,-1,-1;RALTOT "RALTOT" true true false 8 Double 0 0 ,First,#,E:\GIS\Workshops_PRC\GISExercises\ACS_2005_2009_5YR.gdb\Chicago\Tract00_Demographic,RALTOT,-1,-1;RALWHT "RALWHT" true true false 8 Double 0 0 ,First,#,E:\GIS\Workshops_PRC\GISExercises\ACS_2005_2009_5YR.gdb\Chicago\Tract00_Demographic,RALWHT,-1,-1;RALBLK "RALBLK" true true false 8 Double 0 0 ,First,#,E:\GIS\Workshops_PRC\GISExercises\ACS_2005_2009_5YR.gdb\Chicago\Tract00_Demographic,RALBLK,-1,-1;RALNAI "RALNAI" true true false 8 Double 0 0 ,First,#,E:\GIS\Workshops_PRC\GISExercises\ACS_2005_2009_5YR.gdb\Chicago\Tract00_Demographic,RALNAI,-1,-1;RALASA "RALASA" true true false 8 Double 0 0 ,First,#,E:\GIS\Workshops_PRC\GISExercises\ACS_2005_2009_5YR.gdb\Chicago\Tract00_Demographic,RALASA,-1,-1;RALHPI "RALHPI" true true false 8 Double 0 0 ,First,#,E:\GIS\Workshops_PRC\GISExercises\ACS_2005_2009_5YR.gdb\Chicago\Tract00_Demographic,RALHPI,-1,-1;RALOTH "RALOTH" true true false 8 Double 0 0 ,First,#,E:\GIS\Workshops_PRC\GISExercises\ACS_2005_2009_5YR.gdb\Chicago\Tract00_Demographic,RALOTH,-1,-1;TOTPOP "TOTPOP" true true false 8 Double 0 0 ,First,#,E:\GIS\Workshops_PRC\GISExercises\ACS_2005_2009_5YR.gdb\Chicago\Tract00_Demographic,TOTPOP,-1,-1;HISPANIC "HISPANIC" true true false 8 Double 0 0 ,First,#,E:\GIS\Workshops_PRC\GISExercises\ACS_2005_2009_5YR.gdb\Chicago\Tract00_Demographic,HISPANIC,-1,-1;HISMEXIC "HISMEXIC" true true false 8 Double 0 0 ,First,#,E:\GIS\Workshops_PRC\GISExercises\ACS_2005_2009_5YR.gdb\Chicago\Tract00_Demographic,HISMEXIC,-1,-1;HISPUERTO "HISPUERTO" true true false 8 Double 0 0 ,First,#,E:\GIS\Workshops_PRC\GISExercises\ACS_2005_2009_5YR.gdb\Chicago\Tract00_Demographic,HISPUERTO,-1,-1;HISCUBAN "HISCUBAN" true true false 8 Double 0 0 ,First,#,E:\GIS\Workshops_PRC\GISExercises\ACS_2005_2009_5YR.gdb\Chicago\Tract00_Demographic,HISCUBAN,-1,-1;HISOTHER "HISOTHER" true true false 8 Double 0 0 ,First,#,E:\GIS\Workshops_PRC\GISExercises\ACS_2005_2009_5YR.gdb\Chicago\Tract00_Demographic,HISOTHER,-1,-1;NONHISP "NONHISP" true true false 8 Double 0 0 ,First,#,E:\GIS\Workshops_PRC\GISExercises\ACS_2005_2009_5YR.gdb\Chicago\Tract00_Demographic,NONHISP,-1,-1;NHWHT "NHWHT" true true false 8 Double 0 0 ,First,#,E:\GIS\Workshops_PRC\GISExercises\ACS_2005_2009_5YR.gdb\Chicago\Tract00_Demographic,NHWHT,-1,-1;NHBLK "NHBLK" true true false 8 Double 0 0 ,First,#,E:\GIS\Workshops_PRC\GISExercises\ACS_2005_2009_5YR.gdb\Chicago\Tract00_Demographic,NHBLK,-1,-1;NHNAI "NHNAI" true true false 8 Double 0 0 ,First,#,E:\GIS\Workshops_PRC\GISExercises\ACS_2005_2009_5YR.gdb\Chicago\Tract00_Demographic,NHNAI,-1,-1;NHASA "NHASA" true true false 8 Double 0 0 ,First,#,E:\GIS\Workshops_PRC\GISExercises\ACS_2005_2009_5YR.gdb\Chicago\Tract00_Demographic,NHASA,-1,-1;NHHPI "NHHPI" true true false 8 Double 0 0 ,First,#,E:\GIS\Workshops_PRC\GISExercises\ACS_2005_2009_5YR.gdb\Chicago\Tract00_Demographic,NHHPI,-1,-1;NHOTH "NHOTH" true true false 8 Double 0 0 ,First,#,E:\GIS\Workshops_PRC\GISExercises\ACS_2005_2009_5YR.gdb\Chicago\Tract00_Demographic,NHOTH,-1,-1;NH2MOR "NH2MOR" true true false 8 Double 0 0 ,First,#,E:\GIS\Workshops_PRC\GISExercises\ACS_2005_2009_5YR.gdb\Chicago\Tract00_Demographic,NH2MOR,-1,-1;NH2OTH "NH2OTH" true true false 8 Double 0 0 ,First,#,E:\GIS\Workshops_PRC\GISExercises\ACS_2005_2009_5YR.gdb\Chicago\Tract00_Demographic,NH2OTH,-1,-1;NH2MEX "NH2MEX" true true false 8 Double 0 0 ,First,#,E:\GIS\Workshops_PRC\GISExercises\ACS_2005_2009_5YR.gdb\Chicago\Tract00_Demographic,NH2MEX,-1,-1;HU "HU" true true false 8 Double 0 0 ,First,#,E:\GIS\Workshops_PRC\GISExercises\ACS_2005_2009_5YR.gdb\Chicago\Tract00_Demographic,HU,-1,-1;Shape_Leng "Shape_Leng" false true true 8 Double 0 0 ,First,#,E:\GIS\Workshops_PRC\GISExercises\ACS_2005_2009_5YR.gdb\Chicago\Tract00_Demographic,Shape_Length,-1,-1;Shape_Area "Shape_Area" false true true 8 Double 0 0 ,First,#,E:\GIS\Workshops_PRC\GISExercises\ACS_2005_2009_5YR.gdb\Chicago\Tract00_Demographic,Shape_Area,-1,-1" #</Process></lineage><copyHistory><copy source="F:\PRC\Workshop_Oct13\Exercises\ChicagoTract00_ACSDemographic" dest="\\GIS-PC\F$\PRC\Workshop_Oct13\Day1\ChicagoTract00_ACSDemographic" date="20131024" time="17295500"></copy></copyHistory></DataProperties><SyncDate>20110428</SyncDate><SyncTime>11455800</SyncTime><ModDate>20110428</ModDate><ModTime>11455800</ModTime></Esri><dataIdInfo><envirDesc Sync="TRUE">Microsoft Windows Server 2008 R2 Version 6.1 (Build 7600) ; ESRI ArcGIS 10.0.0.2414</envirDesc><dataLang><languageCode value="eng" country="USA"></languageCode></dataLang><idCitation><resTitle Sync="TRUE">ChicagoTract00_ACSDemographic</resTitle><presForm><PresFormCd value="005"></PresFormCd></presForm></idCitation><descKeys><thesaName uuidref="723f6998-058e-11dc-8314-0800200c9a66"></thesaName><keyword Sync="TRUE">002</keyword></descKeys><spatRpType><SpatRepTypCd value="001"></SpatRepTypCd></spatRpType></dataIdInfo><mdLang><languageCode value="eng"></languageCode></mdLang><mdChar><CharSetCd value="004"></CharSetCd></mdChar><distInfo><distFormat><formatName Sync="TRUE">Shapefile</formatName></distFormat><distTranOps><transSize Sync="TRUE">0.000</transSize></distTranOps></distInfo><mdHrLv><ScopeCd value="005"></ScopeCd></mdHrLv><mdHrLvName Sync="TRUE">dataset</mdHrLvName><refSysInfo><RefSystem><refSysID><identCode code="3435"></identCode><idCodeSpace Sync="TRUE">EPSG</idCodeSpace><idVersion Sync="TRUE">7.4.1</idVersion></refSysID></RefSystem></refSysInfo><spdoinfo><ptvctinf><esriterm Name="ChicagoTract00_ACSDemographic"><efeatyp Sync="TRUE">Simple</efeatyp><efeageom Sync="TRUE">4</efeageom><esritopo Sync="TRUE">FALSE</esritopo><efeacnt Sync="TRUE">0</efeacnt><spindex Sync="TRUE">FALSE</spindex><linrefer Sync="TRUE">FALSE</linrefer></esriterm></ptvctinf></spdoinfo><spatRepInfo><VectSpatRep><topLvl><TopoLevCd value="001"></TopoLevCd></topLvl><geometObjs><geoObjTyp><GeoObjTypCd value="002"></GeoObjTypCd><geoObjCnt Sync="TRUE">0</geoObjCnt></geoObjTyp></geometObjs></VectSpatRep></spatRepInfo><eainfo><detailed Name="ChicagoTract00_ACSDemographic"><enttyp><enttypl Sync="TRUE">ChicagoTract00_ACSDemographic</enttypl><enttypt Sync="TRUE">Feature Class</enttypt><enttypc Sync="TRUE">0</enttypc></enttyp><attr><attrlabl Sync="TRUE">FID</attrlabl><attalias Sync="TRUE">FID</attalias><attrtype Sync="TRUE">OID</attrtype><attwidth Sync="TRUE">4</attwidth><atprecis Sync="TRUE">0</atprecis><attscale Sync="TRUE">0</attscale><attrdef Sync="TRUE">Internal feature number.</attrdef><attrdefs Sync="TRUE">ESRI</attrdefs><attrdomv><udom Sync="TRUE">Sequential unique whole numbers that are automatically generated.</udom></attrdomv></attr><attr><attrlabl Sync="TRUE">Shape</attrlabl><attalias Sync="TRUE">Shape</attalias><attrtype Sync="TRUE">Geometry</attrtype><attwidth Sync="TRUE">0</attwidth><atprecis Sync="TRUE">0</atprecis><attscale Sync="TRUE">0</attscale><attrdef Sync="TRUE">Feature geometry.</attrdef><attrdefs Sync="TRUE">ESRI</attrdefs><attrdomv><udom Sync="TRUE">Coordinates defining the features.</udom></attrdomv></attr><attr><attrlabl Sync="TRUE">STATEFP00</attrlabl><attalias Sync="TRUE">STATEFP00</attalias><attrtype Sync="TRUE">String</attrtype><attwidth Sync="TRUE">2</attwidth><atprecis Sync="TRUE">0</atprecis><attscale Sync="TRUE">0</attscale></attr><attr><attrlabl Sync="TRUE">COUNTYFP00</attrlabl><attalias Sync="TRUE">COUNTYFP00</attalias><attrtype Sync="TRUE">String</attrtype><attwidth Sync="TRUE">3</attwidth><atprecis Sync="TRUE">0</atprecis><attscale Sync="TRUE">0</attscale></attr><attr><attrlabl Sync="TRUE">TRACTCE00</attrlabl><attalias Sync="TRUE">TRACTCE00</attalias><attrtype Sync="TRUE">String</attrtype><attwidth Sync="TRUE">6</attwidth><atprecis Sync="TRUE">0</atprecis><attscale Sync="TRUE">0</attscale></attr><attr><attrlabl Sync="TRUE">CTIDFP00</attrlabl><attalias Sync="TRUE">CTIDFP00</attalias><attrtype Sync="TRUE">String</attrtype><attwidth Sync="TRUE">11</attwidth><atprecis Sync="TRUE">0</atprecis><attscale Sync="TRUE">0</attscale></attr><attr><attrlabl Sync="TRUE">POP</attrlabl><attalias Sync="TRUE">POP</attalias><attrtype Sync="TRUE">Double</attrtype><attwidth Sync="TRUE">19</attwidth><atprecis Sync="TRUE">0</atprecis><attscale Sync="TRUE">0</attscale></attr><attr><attrlabl Sync="TRUE">MALE</attrlabl><attalias Sync="TRUE">MALE</attalias><attrtype Sync="TRUE">Double</attrtype><attwidth Sync="TRUE">19</attwidth><atprecis Sync="TRUE">0</atprecis><attscale Sync="TRUE">0</attscale></attr><attr><attrlabl Sync="TRUE">FEMALE</attrlabl><attalias Sync="TRUE">FEMALE</attalias><attrtype Sync="TRUE">Double</attrtype><attwidth Sync="TRUE">19</attwidth><atprecis Sync="TRUE">0</atprecis><attscale Sync="TRUE">0</attscale></attr><attr><attrlabl Sync="TRUE">AGEU5</attrlabl><attalias Sync="TRUE">AGEU5</attalias><attrtype Sync="TRUE">Double</attrtype><attwidth Sync="TRUE">19</attwidth><atprecis Sync="TRUE">0</atprecis><attscale Sync="TRUE">0</attscale></attr><attr><attrlabl Sync="TRUE">AGE5_9</attrlabl><attalias Sync="TRUE">AGE5_9</attalias><attrtype Sync="TRUE">Double</attrtype><attwidth Sync="TRUE">19</attwidth><atprecis Sync="TRUE">0</atprecis><attscale Sync="TRUE">0</attscale></attr><attr><attrlabl Sync="TRUE">AGE10_14</attrlabl><attalias Sync="TRUE">AGE10_14</attalias><attrtype Sync="TRUE">Double</attrtype><attwidth Sync="TRUE">19</attwidth><atprecis Sync="TRUE">0</atprecis><attscale Sync="TRUE">0</attscale></attr><attr><attrlabl Sync="TRUE">AGE15_19</attrlabl><attalias Sync="TRUE">AGE15_19</attalias><attrtype Sync="TRUE">Double</attrtype><attwidth Sync="TRUE">19</attwidth><atprecis Sync="TRUE">0</atprecis><attscale Sync="TRUE">0</attscale></attr><attr><attrlabl Sync="TRUE">AGE20_24</attrlabl><attalias Sync="TRUE">AGE20_24</attalias><attrtype Sync="TRUE">Double</attrtype><attwidth Sync="TRUE">19</attwidth><atprecis Sync="TRUE">0</atprecis><attscale Sync="TRUE">0</attscale></attr><attr><attrlabl Sync="TRUE">AGE25_34</attrlabl><attalias Sync="TRUE">AGE25_34</attalias><attrtype Sync="TRUE">Double</attrtype><attwidth Sync="TRUE">19</attwidth><atprecis Sync="TRUE">0</atprecis><attscale Sync="TRUE">0</attscale></attr><attr><attrlabl Sync="TRUE">AGE35_44</attrlabl><attalias Sync="TRUE">AGE35_44</attalias><attrtype Sync="TRUE">Double</attrtype><attwidth Sync="TRUE">19</attwidth><atprecis Sync="TRUE">0</atprecis><attscale Sync="TRUE">0</attscale></attr><attr><attrlabl Sync="TRUE">AGE45_54</attrlabl><attalias Sync="TRUE">AGE45_54</attalias><attrtype Sync="TRUE">Double</attrtype><attwidth Sync="TRUE">19</attwidth><atprecis Sync="TRUE">0</atprecis><attscale Sync="TRUE">0</attscale></attr><attr><attrlabl Sync="TRUE">AGE55_59</attrlabl><attalias Sync="TRUE">AGE55_59</attalias><attrtype Sync="TRUE">Double</attrtype><attwidth Sync="TRUE">19</attwidth><atprecis Sync="TRUE">0</atprecis><attscale Sync="TRUE">0</attscale></attr><attr><attrlabl Sync="TRUE">AGE60_64</attrlabl><attalias Sync="TRUE">AGE60_64</attalias><attrtype Sync="TRUE">Double</attrtype><attwidth Sync="TRUE">19</attwidth><atprecis Sync="TRUE">0</atprecis><attscale Sync="TRUE">0</attscale></attr><attr><attrlabl Sync="TRUE">AGE65_74</attrlabl><attalias Sync="TRUE">AGE65_74</attalias><attrtype Sync="TRUE">Double</attrtype><attwidth Sync="TRUE">19</attwidth><atprecis Sync="TRUE">0</atprecis><attscale Sync="TRUE">0</attscale></attr><attr><attrlabl Sync="TRUE">AGE75_84</attrlabl><attalias Sync="TRUE">AGE75_84</attalias><attrtype Sync="TRUE">Double</attrtype><attwidth Sync="TRUE">19</attwidth><atprecis Sync="TRUE">0</atprecis><attscale Sync="TRUE">0</attscale></attr><attr><attrlabl Sync="TRUE">AGE85O</attrlabl><attalias Sync="TRUE">AGE85O</attalias><attrtype Sync="TRUE">Double</attrtype><attwidth Sync="TRUE">19</attwidth><atprecis Sync="TRUE">0</atprecis><attscale Sync="TRUE">0</attscale></attr><attr><attrlabl Sync="TRUE">AGEMEDIAN</attrlabl><attalias Sync="TRUE">AGEMEDIAN</attalias><attrtype Sync="TRUE">Double</attrtype><attwidth Sync="TRUE">19</attwidth><atprecis Sync="TRUE">0</atprecis><attscale Sync="TRUE">0</attscale></attr><attr><attrlabl Sync="TRUE">AGE18OVER</attrlabl><attalias Sync="TRUE">AGE18OVER</attalias><attrtype Sync="TRUE">Double</attrtype><attwidth Sync="TRUE">19</attwidth><atprecis Sync="TRUE">0</atprecis><attscale Sync="TRUE">0</attscale></attr><attr><attrlabl Sync="TRUE">AGE21OVER</attrlabl><attalias Sync="TRUE">AGE21OVER</attalias><attrtype Sync="TRUE">Double</attrtype><attwidth Sync="TRUE">19</attwidth><atprecis Sync="TRUE">0</atprecis><attscale Sync="TRUE">0</attscale></attr><attr><attrlabl Sync="TRUE">AGE62OVER</attrlabl><attalias Sync="TRUE">AGE62OVER</attalias><attrtype Sync="TRUE">Double</attrtype><attwidth Sync="TRUE">19</attwidth><atprecis Sync="TRUE">0</atprecis><attscale Sync="TRUE">0</attscale></attr><attr><attrlabl Sync="TRUE">AGE65OVER</attrlabl><attalias Sync="TRUE">AGE65OVER</attalias><attrtype Sync="TRUE">Double</attrtype><attwidth Sync="TRUE">19</attwidth><atprecis Sync="TRUE">0</atprecis><attscale Sync="TRUE">0</attscale></attr><attr><attrlabl Sync="TRUE">AGE18OVR2</attrlabl><attalias Sync="TRUE">AGE18OVR2</attalias><attrtype Sync="TRUE">Double</attrtype><attwidth Sync="TRUE">19</attwidth><atprecis Sync="TRUE">0</atprecis><attscale Sync="TRUE">0</attscale></attr><attr><attrlabl Sync="TRUE">AGE18OMAL</attrlabl><attalias Sync="TRUE">AGE18OMAL</attalias><attrtype Sync="TRUE">Double</attrtype><attwidth Sync="TRUE">19</attwidth><atprecis Sync="TRUE">0</atprecis><attscale Sync="TRUE">0</attscale></attr><attr><attrlabl Sync="TRUE">AGE18OFEM</attrlabl><attalias Sync="TRUE">AGE18OFEM</attalias><attrtype Sync="TRUE">Double</attrtype><attwidth Sync="TRUE">19</attwidth><atprecis Sync="TRUE">0</atprecis><attscale Sync="TRUE">0</attscale></attr><attr><attrlabl Sync="TRUE">AGE65OVR2</attrlabl><attalias Sync="TRUE">AGE65OVR2</attalias><attrtype Sync="TRUE">Double</attrtype><attwidth Sync="TRUE">19</attwidth><atprecis Sync="TRUE">0</atprecis><attscale Sync="TRUE">0</attscale></attr><attr><attrlabl Sync="TRUE">AGE65VMAL</attrlabl><attalias Sync="TRUE">AGE65VMAL</attalias><attrtype Sync="TRUE">Double</attrtype><attwidth Sync="TRUE">19</attwidth><atprecis Sync="TRUE">0</atprecis><attscale Sync="TRUE">0</attscale></attr><attr><attrlabl Sync="TRUE">AGE65OFEM</attrlabl><attalias Sync="TRUE">AGE65OFEM</attalias><attrtype Sync="TRUE">Double</attrtype><attwidth Sync="TRUE">19</attwidth><atprecis Sync="TRUE">0</atprecis><attscale Sync="TRUE">0</attscale></attr><attr><attrlabl Sync="TRUE">RACETOT</attrlabl><attalias Sync="TRUE">RACETOT</attalias><attrtype Sync="TRUE">Double</attrtype><attwidth Sync="TRUE">19</attwidth><atprecis Sync="TRUE">0</atprecis><attscale Sync="TRUE">0</attscale></attr><attr><attrlabl Sync="TRUE">RACE1</attrlabl><attalias Sync="TRUE">RACE1</attalias><attrtype Sync="TRUE">Double</attrtype><attwidth Sync="TRUE">19</attwidth><atprecis Sync="TRUE">0</atprecis><attscale Sync="TRUE">0</attscale></attr><attr><attrlabl Sync="TRUE">RACE2MOR</attrlabl><attalias Sync="TRUE">RACE2MOR</attalias><attrtype Sync="TRUE">Double</attrtype><attwidth Sync="TRUE">19</attwidth><atprecis Sync="TRUE">0</atprecis><attscale Sync="TRUE">0</attscale></attr><attr><attrlabl Sync="TRUE">RACE1_2</attrlabl><attalias Sync="TRUE">RACE1_2</attalias><attrtype Sync="TRUE">Double</attrtype><attwidth Sync="TRUE">19</attwidth><atprecis Sync="TRUE">0</atprecis><attscale Sync="TRUE">0</attscale></attr><attr><attrlabl Sync="TRUE">WHT</attrlabl><attalias Sync="TRUE">WHT</attalias><attrtype Sync="TRUE">Double</attrtype><attwidth Sync="TRUE">19</attwidth><atprecis Sync="TRUE">0</atprecis><attscale Sync="TRUE">0</attscale></attr><attr><attrlabl Sync="TRUE">BLK</attrlabl><attalias Sync="TRUE">BLK</attalias><attrtype Sync="TRUE">Double</attrtype><attwidth Sync="TRUE">19</attwidth><atprecis Sync="TRUE">0</atprecis><attscale Sync="TRUE">0</attscale></attr><attr><attrlabl Sync="TRUE">NAI</attrlabl><attalias Sync="TRUE">NAI</attalias><attrtype Sync="TRUE">Double</attrtype><attwidth Sync="TRUE">19</attwidth><atprecis Sync="TRUE">0</atprecis><attscale Sync="TRUE">0</attscale></attr><attr><attrlabl Sync="TRUE">NAICHEROK</attrlabl><attalias Sync="TRUE">NAICHEROK</attalias><attrtype Sync="TRUE">Double</attrtype><attwidth Sync="TRUE">19</attwidth><atprecis Sync="TRUE">0</atprecis><attscale Sync="TRUE">0</attscale></attr><attr><attrlabl Sync="TRUE">NAICHIPPE</attrlabl><attalias Sync="TRUE">NAICHIPPE</attalias><attrtype Sync="TRUE">Double</attrtype><attwidth Sync="TRUE">19</attwidth><atprecis Sync="TRUE">0</atprecis><attscale Sync="TRUE">0</attscale></attr><attr><attrlabl Sync="TRUE">NAINAVAJO</attrlabl><attalias Sync="TRUE">NAINAVAJO</attalias><attrtype Sync="TRUE">Double</attrtype><attwidth Sync="TRUE">19</attwidth><atprecis Sync="TRUE">0</atprecis><attscale Sync="TRUE">0</attscale></attr><attr><attrlabl Sync="TRUE">NAISIOUX</attrlabl><attalias Sync="TRUE">NAISIOUX</attalias><attrtype Sync="TRUE">Double</attrtype><attwidth Sync="TRUE">19</attwidth><atprecis Sync="TRUE">0</atprecis><attscale Sync="TRUE">0</attscale></attr><attr><attrlabl Sync="TRUE">ASA</attrlabl><attalias Sync="TRUE">ASA</attalias><attrtype Sync="TRUE">Double</attrtype><attwidth Sync="TRUE">19</attwidth><atprecis Sync="TRUE">0</atprecis><attscale Sync="TRUE">0</attscale></attr><attr><attrlabl Sync="TRUE">ASAINDIAN</attrlabl><attalias Sync="TRUE">ASAINDIAN</attalias><attrtype Sync="TRUE">Double</attrtype><attwidth Sync="TRUE">19</attwidth><atprecis Sync="TRUE">0</atprecis><attscale Sync="TRUE">0</attscale></attr><attr><attrlabl Sync="TRUE">ASACHINES</attrlabl><attalias Sync="TRUE">ASACHINES</attalias><attrtype Sync="TRUE">Double</attrtype><attwidth Sync="TRUE">19</attwidth><atprecis Sync="TRUE">0</atprecis><attscale Sync="TRUE">0</attscale></attr><attr><attrlabl Sync="TRUE">ASAFILLIP</attrlabl><attalias Sync="TRUE">ASAFILLIP</attalias><attrtype Sync="TRUE">Double</attrtype><attwidth Sync="TRUE">19</attwidth><atprecis Sync="TRUE">0</atprecis><attscale Sync="TRUE">0</attscale></attr><attr><attrlabl Sync="TRUE">ASAJAPANE</attrlabl><attalias Sync="TRUE">ASAJAPANE</attalias><attrtype Sync="TRUE">Double</attrtype><attwidth Sync="TRUE">19</attwidth><atprecis Sync="TRUE">0</atprecis><attscale Sync="TRUE">0</attscale></attr><attr><attrlabl Sync="TRUE">ASAKOREAN</attrlabl><attalias Sync="TRUE">ASAKOREAN</attalias><attrtype Sync="TRUE">Double</attrtype><attwidth Sync="TRUE">19</attwidth><atprecis Sync="TRUE">0</atprecis><attscale Sync="TRUE">0</attscale></attr><attr><attrlabl Sync="TRUE">ASAVIETNA</attrlabl><attalias Sync="TRUE">ASAVIETNA</attalias><attrtype Sync="TRUE">Double</attrtype><attwidth Sync="TRUE">19</attwidth><atprecis Sync="TRUE">0</atprecis><attscale Sync="TRUE">0</attscale></attr><attr><attrlabl Sync="TRUE">ASAOTHER</attrlabl><attalias Sync="TRUE">ASAOTHER</attalias><attrtype Sync="TRUE">Double</attrtype><attwidth Sync="TRUE">19</attwidth><atprecis Sync="TRUE">0</atprecis><attscale Sync="TRUE">0</attscale></attr><attr><attrlabl Sync="TRUE">HPI</attrlabl><attalias Sync="TRUE">HPI</attalias><attrtype Sync="TRUE">Double</attrtype><attwidth Sync="TRUE">19</attwidth><atprecis Sync="TRUE">0</atprecis><attscale Sync="TRUE">0</attscale></attr><attr><attrlabl Sync="TRUE">HPIHAWAII</attrlabl><attalias Sync="TRUE">HPIHAWAII</attalias><attrtype Sync="TRUE">Double</attrtype><attwidth Sync="TRUE">19</attwidth><atprecis Sync="TRUE">0</atprecis><attscale Sync="TRUE">0</attscale></attr><attr><attrlabl Sync="TRUE">HPIGUAMAN</attrlabl><attalias Sync="TRUE">HPIGUAMAN</attalias><attrtype Sync="TRUE">Double</attrtype><attwidth Sync="TRUE">19</attwidth><atprecis Sync="TRUE">0</atprecis><attscale Sync="TRUE">0</attscale></attr><attr><attrlabl Sync="TRUE">HPISAMOAN</attrlabl><attalias Sync="TRUE">HPISAMOAN</attalias><attrtype Sync="TRUE">Double</attrtype><attwidth Sync="TRUE">19</attwidth><atprecis Sync="TRUE">0</atprecis><attscale Sync="TRUE">0</attscale></attr><attr><attrlabl Sync="TRUE">HPIOTHEPI</attrlabl><attalias Sync="TRUE">HPIOTHEPI</attalias><attrtype Sync="TRUE">Double</attrtype><attwidth Sync="TRUE">19</attwidth><atprecis Sync="TRUE">0</atprecis><attscale Sync="TRUE">0</attscale></attr><attr><attrlabl Sync="TRUE">OTH</attrlabl><attalias Sync="TRUE">OTH</attalias><attrtype Sync="TRUE">Double</attrtype><attwidth Sync="TRUE">19</attwidth><atprecis Sync="TRUE">0</atprecis><attscale Sync="TRUE">0</attscale></attr><attr><attrlabl Sync="TRUE">RACE2M_2</attrlabl><attalias Sync="TRUE">RACE2M_2</attalias><attrtype Sync="TRUE">Double</attrtype><attwidth Sync="TRUE">19</attwidth><atprecis Sync="TRUE">0</atprecis><attscale Sync="TRUE">0</attscale></attr><attr><attrlabl Sync="TRUE">R2MWHTBLK</attrlabl><attalias Sync="TRUE">R2MWHTBLK</attalias><attrtype Sync="TRUE">Double</attrtype><attwidth Sync="TRUE">19</attwidth><atprecis Sync="TRUE">0</atprecis><attscale Sync="TRUE">0</attscale></attr><attr><attrlabl Sync="TRUE">R2MWHTNAI</attrlabl><attalias Sync="TRUE">R2MWHTNAI</attalias><attrtype Sync="TRUE">Double</attrtype><attwidth Sync="TRUE">19</attwidth><atprecis Sync="TRUE">0</atprecis><attscale Sync="TRUE">0</attscale></attr><attr><attrlabl Sync="TRUE">R2MWHTASA</attrlabl><attalias Sync="TRUE">R2MWHTASA</attalias><attrtype Sync="TRUE">Double</attrtype><attwidth Sync="TRUE">19</attwidth><atprecis Sync="TRUE">0</atprecis><attscale Sync="TRUE">0</attscale></attr><attr><attrlabl Sync="TRUE">R2MBLKNAI</attrlabl><attalias Sync="TRUE">R2MBLKNAI</attalias><attrtype Sync="TRUE">Double</attrtype><attwidth Sync="TRUE">19</attwidth><atprecis Sync="TRUE">0</atprecis><attscale Sync="TRUE">0</attscale></attr><attr><attrlabl Sync="TRUE">RALTOT</attrlabl><attalias Sync="TRUE">RALTOT</attalias><attrtype Sync="TRUE">Double</attrtype><attwidth Sync="TRUE">19</attwidth><atprecis Sync="TRUE">0</atprecis><attscale Sync="TRUE">0</attscale></attr><attr><attrlabl Sync="TRUE">RALWHT</attrlabl><attalias Sync="TRUE">RALWHT</attalias><attrtype Sync="TRUE">Double</attrtype><attwidth Sync="TRUE">19</attwidth><atprecis Sync="TRUE">0</atprecis><attscale Sync="TRUE">0</attscale></attr><attr><attrlabl Sync="TRUE">RALBLK</attrlabl><attalias Sync="TRUE">RALBLK</attalias><attrtype Sync="TRUE">Double</attrtype><attwidth Sync="TRUE">19</attwidth><atprecis Sync="TRUE">0</atprecis><attscale Sync="TRUE">0</attscale></attr><attr><attrlabl Sync="TRUE">RALNAI</attrlabl><attalias Sync="TRUE">RALNAI</attalias><attrtype Sync="TRUE">Double</attrtype><attwidth Sync="TRUE">19</attwidth><atprecis Sync="TRUE">0</atprecis><attscale Sync="TRUE">0</attscale></attr><attr><attrlabl Sync="TRUE">RALASA</attrlabl><attalias Sync="TRUE">RALASA</attalias><attrtype Sync="TRUE">Double</attrtype><attwidth Sync="TRUE">19</attwidth><atprecis Sync="TRUE">0</atprecis><attscale Sync="TRUE">0</attscale></attr><attr><attrlabl Sync="TRUE">RALHPI</attrlabl><attalias Sync="TRUE">RALHPI</attalias><attrtype Sync="TRUE">Double</attrtype><attwidth Sync="TRUE">19</attwidth><atprecis Sync="TRUE">0</atprecis><attscale Sync="TRUE">0</attscale></attr><attr><attrlabl Sync="TRUE">RALOTH</attrlabl><attalias Sync="TRUE">RALOTH</attalias><attrtype Sync="TRUE">Double</attrtype><attwidth Sync="TRUE">19</attwidth><atprecis Sync="TRUE">0</atprecis><attscale Sync="TRUE">0</attscale></attr><attr><attrlabl Sync="TRUE">TOTPOP</attrlabl><attalias Sync="TRUE">TOTPOP</attalias><attrtype Sync="TRUE">Double</attrtype><attwidth Sync="TRUE">19</attwidth><atprecis Sync="TRUE">0</atprecis><attscale Sync="TRUE">0</attscale></attr><attr><attrlabl Sync="TRUE">HISPANIC</attrlabl><attalias Sync="TRUE">HISPANIC</attalias><attrtype Sync="TRUE">Double</attrtype><attwidth Sync="TRUE">19</attwidth><atprecis Sync="TRUE">0</atprecis><attscale Sync="TRUE">0</attscale></attr><attr><attrlabl Sync="TRUE">HISMEXIC</attrlabl><attalias Sync="TRUE">HISMEXIC</attalias><attrtype Sync="TRUE">Double</attrtype><attwidth Sync="TRUE">19</attwidth><atprecis Sync="TRUE">0</atprecis><attscale Sync="TRUE">0</attscale></attr><attr><attrlabl Sync="TRUE">HISPUERTO</attrlabl><attalias Sync="TRUE">HISPUERTO</attalias><attrtype Sync="TRUE">Double</attrtype><attwidth Sync="TRUE">19</attwidth><atprecis Sync="TRUE">0</atprecis><attscale Sync="TRUE">0</attscale></attr><attr><attrlabl Sync="TRUE">HISCUBAN</attrlabl><attalias Sync="TRUE">HISCUBAN</attalias><attrtype Sync="TRUE">Double</attrtype><attwidth Sync="TRUE">19</attwidth><atprecis Sync="TRUE">0</atprecis><attscale Sync="TRUE">0</attscale></attr><attr><attrlabl Sync="TRUE">HISOTHER</attrlabl><attalias Sync="TRUE">HISOTHER</attalias><attrtype Sync="TRUE">Double</attrtype><attwidth Sync="TRUE">19</attwidth><atprecis Sync="TRUE">0</atprecis><attscale Sync="TRUE">0</attscale></attr><attr><attrlabl Sync="TRUE">NONHISP</attrlabl><attalias Sync="TRUE">NONHISP</attalias><attrtype Sync="TRUE">Double</attrtype><attwidth Sync="TRUE">19</attwidth><atprecis Sync="TRUE">0</atprecis><attscale Sync="TRUE">0</attscale></attr><attr><attrlabl Sync="TRUE">NHWHT</attrlabl><attalias Sync="TRUE">NHWHT</attalias><attrtype Sync="TRUE">Double</attrtype><attwidth Sync="TRUE">19</attwidth><atprecis Sync="TRUE">0</atprecis><attscale Sync="TRUE">0</attscale></attr><attr><attrlabl Sync="TRUE">NHBLK</attrlabl><attalias Sync="TRUE">NHBLK</attalias><attrtype Sync="TRUE">Double</attrtype><attwidth Sync="TRUE">19</attwidth><atprecis Sync="TRUE">0</atprecis><attscale Sync="TRUE">0</attscale></attr><attr><attrlabl Sync="TRUE">NHNAI</attrlabl><attalias Sync="TRUE">NHNAI</attalias><attrtype Sync="TRUE">Double</attrtype><attwidth Sync="TRUE">19</attwidth><atprecis Sync="TRUE">0</atprecis><attscale Sync="TRUE">0</attscale></attr><attr><attrlabl Sync="TRUE">NHASA</attrlabl><attalias Sync="TRUE">NHASA</attalias><attrtype Sync="TRUE">Double</attrtype><attwidth Sync="TRUE">19</attwidth><atprecis Sync="TRUE">0</atprecis><attscale Sync="TRUE">0</attscale></attr><attr><attrlabl Sync="TRUE">NHHPI</attrlabl><attalias Sync="TRUE">NHHPI</attalias><attrtype Sync="TRUE">Double</attrtype><attwidth Sync="TRUE">19</attwidth><atprecis Sync="TRUE">0</atprecis><attscale Sync="TRUE">0</attscale></attr><attr><attrlabl Sync="TRUE">NHOTH</attrlabl><attalias Sync="TRUE">NHOTH</attalias><attrtype Sync="TRUE">Double</attrtype><attwidth Sync="TRUE">19</attwidth><atprecis Sync="TRUE">0</atprecis><attscale Sync="TRUE">0</attscale></attr><attr><attrlabl Sync="TRUE">NH2MOR</attrlabl><attalias Sync="TRUE">NH2MOR</attalias><attrtype Sync="TRUE">Double</attrtype><attwidth Sync="TRUE">19</attwidth><atprecis Sync="TRUE">0</atprecis><attscale Sync="TRUE">0</attscale></attr><attr><attrlabl Sync="TRUE">NH2OTH</attrlabl><attalias Sync="TRUE">NH2OTH</attalias><attrtype Sync="TRUE">Double</attrtype><attwidth Sync="TRUE">19</attwidth><atprecis Sync="TRUE">0</atprecis><attscale Sync="TRUE">0</attscale></attr><attr><attrlabl Sync="TRUE">NH2MEX</attrlabl><attalias Sync="TRUE">NH2MEX</attalias><attrtype Sync="TRUE">Double</attrtype><attwidth Sync="TRUE">19</attwidth><atprecis Sync="TRUE">0</atprecis><attscale Sync="TRUE">0</attscale></attr><attr><attrlabl Sync="TRUE">HU</attrlabl><attalias Sync="TRUE">HU</attalias><attrtype Sync="TRUE">Double</attrtype><attwidth Sync="TRUE">19</attwidth><atprecis Sync="TRUE">0</atprecis><attscale Sync="TRUE">0</attscale></attr><attr><attrlabl Sync="TRUE">Shape_Leng</attrlabl><attalias Sync="TRUE">Shape_Leng</attalias><attrtype Sync="TRUE">Double</attrtype><attwidth Sync="TRUE">19</attwidth><atprecis Sync="TRUE">0</atprecis><attscale Sync="TRUE">0</attscale></attr><attr><attrlabl Sync="TRUE">Shape_Area</attrlabl><attalias Sync="TRUE">Shape_Area</attalias><attrtype Sync="TRUE">Double</attrtype><attwidth Sync="TRUE">19</attwidth><atprecis Sync="TRUE">0</atprecis><attscale Sync="TRUE">0</attscale><attrdef Sync="TRUE">Area of feature in internal units squared.</attrdef><attrdefs Sync="TRUE">ESRI</attrdefs><attrdomv><udom Sync="TRUE">Positive real numbers that are automatically generated.</udom></attrdomv></attr></detailed></eainfo><mdDateSt Sync="TRUE">20110428</mdDateSt></metadata>
