<?xml version="1.0" encoding="UTF-8"?>
<metadata xml:lang="en"><Esri><CreaDate>20110121</CreaDate><CreaTime>21190300</CreaTime><ArcGISFormat>1.0</ArcGISFormat><ArcGISstyle>ISO 19139 Metadata Implementation Specification</ArcGISstyle><SyncOnce>TRUE</SyncOnce><DataProperties><itemProps><itemLocation><linkage Sync="TRUE">file://\\CMAENE-M\C$\Temp\GISworkshops\EPS_PBC_2011\EBDay2\WeatherSt</linkage><protocol Sync="TRUE">Local Area Network</protocol></itemLocation></itemProps><copyHistory><copy source="C:\Temp\GISworkshops\EPS_PBC_2011\DayB\Data\Interpolation\WeatherSt" dest="\\CMAENE-M\C$\Temp\GISworkshops\EPS_PBC_2011\EBDay2\WeatherSt" date="20110121" time="21190300"></copy></copyHistory></DataProperties></Esri></metadata>
